"valgen","crotal","cana","crotalM","crotalP","npartosULT","fechapartoULT","nvivosULT","nmuertosULT","ncontrULT","diasULT","ordeULT","tipoULT","laPROM","diasPROM","orderPROM","tipoPROM","acumPROM"
"8,47","7717","20","83437","2119","4","25/01/2024","1",NA,"6","184","147","100","3","177","170","134","509"
"41,21","7720","20","33885","65490","4","23/01/2024","1",NA,"6","186","259","244","3","158","178","175","533"
"-1,39","7722","20","40620","2129","4","09/01/2024","2",NA,"4","140","101","103","3","161","141","127","423"
"27,33","7726","20","55690","51529","2","06/01/2024","1",NA,"6","203","250","195","2","191","218","180","436"
"21,75","7727","20","33905","65017","4","06/01/2024","2",NA,"6","203","193","152","3","179","188","159","564"
"13,94","7729","20","30602","2113","4","10/01/2024","1",NA,"6","199","235","205","4","164","175","160","701"
"23,57","7730","20","8628","51529","3","24/01/2024","1",NA,"1","28","","","162","140","113",NA,""
"33,13","7732","20","55697","2125","4","24/01/2024","2",NA,"5","185","","","195","214","199",NA,""
"","7733","20","83407","2113","3","06/02/2024","1",NA,"2","112","","","","","",NA,""
"49,24","7734","20","40685","30224","3","10/02/2024","1",NA,"","","","","184","254","194",NA,""
"9,44","7735","20","33821",NA,"3","22/01/2024","1",NA,"6","187","195","154","2","181","182","150","364"
"6,38","7738","20","30602","2113","4","26/01/2024","2",NA,"1","26","","","163","130","120",NA,""
"13,95","7739","20","83395","2120","4","23/01/2024","1",NA,"","","","","144","133","126",NA,""
"27,03","7740","20","83395","2120","3","05/01/2024","2",NA,"6","204","242","199","3","178","217","182","651"
"7,19","7741","20","8587",NA,"3","23/01/2024","1",NA,"2","63","","","187","139","121",NA,""
"15,03","7744","20","8619",NA,"4","08/01/2024","1",NA,"6","201","281","262","4","166","191","164","762"
"3,41","7745","20","83419","2113","3","08/01/2024","1",NA,"6","201","96","76","2","190","173","133","346"
"22,58","7747","20","8618","98595","4","11/01/2024","2",NA,"6","198","190","169","3","160","161","152","482"
"33,3","7748","20","83418","2115","4","09/01/2024","1",NA,"6","200","297","259","4","178","221","176","883"
"40,05","7749","20","83405","98594","3","10/01/2024","1",NA,"6","199","274","287","3","190","205","182","614"
"21,16","7753","20","40673","2125","3","26/01/2024","1",NA,"6","183","217","196","3","166","177","162","532"
"7,15","7754","20","8643",NA,"4","07/01/2024","1",NA,"6","202","181","116","4","154","158","137","631"
"30,58","7755","20","55697","2125","4","25/01/2024","2",NA,"6","184","289","304","3","167","180","173","541"
"13,89","7756","20","40602",NA,"3","07/02/2024","1",NA,"3","80","81","123","3","136","117","149","350"
"66,28","7757","20","8665",NA,"5","09/01/2024","1",NA,"4","140","174","186","3","160","217","202","650"
"-0,36","7760","20","40630",NA,"3","07/01/2024","2",NA,"6","202","197","149","2","183","165","138","329"
"20,74","7761","20","40654","98594","4","07/01/2024","2",NA,"5","202","","","165","156","133",NA,""
"22,81","7765","20","8651","2125","4","07/01/2024","1","1","","","","","195","233","184",NA,""
"16,77","7767","20","80676","65017","3","09/01/2024","2",NA,"6","200","191","160","3","174","172","141","516"
"28,18","7768","20","8651","2125","3","25/01/2024","1",NA,"6","184","221","206","3","159","181","178","544"
"17,83","7769","20","40601","65017","4","24/01/2024","1",NA,"6","185","232","195","4","171","177","137","707"
"34,87","7770","20","80666",NA,"3","08/01/2024","1",NA,"6","201","301","229","3","166","229","184","686"
"34,31","7771","20","55684",NA,"3","26/01/2024","1",NA,"6","183","279","258","3","178","226","203","678"
"","7774","20",NA,NA,"3","10/02/2024","2","2","","","","","","","",NA,""
"29,61","7775","20","30557","65017","4","05/01/2024","2",NA,"","","","","160","193","184",NA,""
"-5,6","7778","20","8667","2129","3","09/01/2024","2","1","6","200","113","73","3","181","126","102","379"
"48,24","7779","20","55668","65017","4","09/01/2024","2",NA,"6","200","352","290","4","170","272","252","1086"
"4,97","7780","20","55691",NA,"3","24/01/2024","2",NA,"6","185","206","174","3","157","137","117","412"
"16,73","7781","20","55667",NA,"3","20/02/2024","1",NA,"6","171","139","171","3","148","135","160","405"
"26,75","8590","16","33850",NA,"7","29/01/2024","2",NA,"5","149","106","122","6","147","158","160","946"
"11,97","8625","16","30570","30222","7","04/02/2024","1",NA,"6","174","205","212","6","154","155","169","930"
"17,17","8628","16","28811",NA,"7","30/01/2024","1","1","1","22","","","184","245","212",NA,""
"-13,64","8647","16","28830","65480","7","",NA,NA,"","","","","142","129","141",NA,""
"","10080","24","14775","2181","*** CORDERA ***","",NA,NA,"","","","","","","",NA,""
"","10082","24","56456","91114","*** CORDERA ***","",NA,NA,"","","","","","","",NA,""
"","10083","24","72346","91280","*** CORDERA ***","",NA,NA,"","","","","","","",NA,""
"","10084","24","72374","91093","*** CORDERA ***","",NA,NA,"","","","","","","",NA,""
"","10085","24","72355","2151","*** CORDERA ***","",NA,NA,"","","","","","","",NA,""
"","10086","24","72340","91093","*** CORDERA ***","",NA,NA,"","","","","","","",NA,""
"","10087","24","56384","2134","*** CORDERA ***","",NA,NA,"","","","","","","",NA,""
"","10088","24","99124",NA,"*** CORDERA ***","",NA,NA,"","","","","","","",NA,""
"","10089","24","8625",NA,"*** CORDERA ***","",NA,NA,"","","","","","","",NA,""
"","10090","24","72378",NA,"*** CORDERA ***","",NA,NA,"","","","","","","",NA,""
"","10092","24","56456","91114","*** CORDERA ***","",NA,NA,"","","","","","","",NA,""
"","10093","24","7747","2115","*** CORDERA ***","",NA,NA,"","","","","","","",NA,""
"","10094","24","83405","2181","*** CORDERA ***","",NA,NA,"","","","","","","",NA,""
"","10096","24","56413","2115","*** CORDERA ***","",NA,NA,"","","","","","","",NA,""
"","10097","24","80659","91235","*** CORDERA ***","",NA,NA,"","","","","","","",NA,""
"","10098","24","7726","2122","*** CORDERA ***","",NA,NA,"","","","","","","",NA,""
"","10099","24","99065",NA,"*** CORDERA ***","",NA,NA,"","","","","","","",NA,""
"","10100","24","99043",NA,"*** CORDERA ***","",NA,NA,"","","","","","","",NA,""
"","10101","24","55699",NA,"*** CORDERA ***","",NA,NA,"","","","","","","",NA,""
"","10102","24",NA,NA,"*** CORDERA ***","",NA,NA,"","","","","","","",NA,""
"","10103","24","72342","91093","*** CORDERA ***","",NA,NA,"","","","","","","",NA,""
"","10104","24","83400",NA,"*** CORDERA ***","",NA,NA,"","","","","","","",NA,""
"","10105","24","72347","91093","*** CORDERA ***","",NA,NA,"","","","","","","",NA,""
"","10106","24","56457","91244","*** CORDERA ***","",NA,NA,"","","","","","","",NA,""
"","10107","24","72352",NA,"*** CORDERA ***","",NA,NA,"","","","","","","",NA,""
"","10109","24","55682","2181","*** CORDERA ***","",NA,NA,"","","","","","","",NA,""
"","10110","24","80650","2181","*** CORDERA ***","",NA,NA,"","","","","","","",NA,""
"","10111","24","14775","2181","*** CORDERA ***","",NA,NA,"","","","","","","",NA,""
"","10112","24","80690","2134","*** CORDERA ***","",NA,NA,"","","","","","","",NA,""
"","10113","24","56402","2115","*** CORDERA ***","",NA,NA,"","","","","","","",NA,""
"","10115","24","80646","2119","*** CORDERA ***","",NA,NA,"","","","","","","",NA,""
"","10116","24","14802","2151","*** CORDERA ***","",NA,NA,"","","","","","","",NA,""
"","10117","24","56454","2181","*** CORDERA ***","",NA,NA,"","","","","","","",NA,""
"","10118","24","56418","2119","*** CORDERA ***","",NA,NA,"","","","","","","",NA,""
"","10119","24","7727","2115","*** CORDERA ***","",NA,NA,"","","","","","","",NA,""
"","10121","24","56429","2134","*** CORDERA ***","",NA,NA,"","","","","","","",NA,""
"","10122","24","72311",NA,"*** CORDERA ***","",NA,NA,"","","","","","","",NA,""
"","10123","24","56442","91244","*** CORDERA ***","",NA,NA,"","","","","","","",NA,""
"","10124","24",NA,NA,"*** CORDERA ***","",NA,NA,"","","","","","","",NA,""
"","10125","24","56414","91235","*** CORDERA ***","",NA,NA,"","","","","","","",NA,""
"","10126","24","72306",NA,"*** CORDERA ***","",NA,NA,"","","","","","","",NA,""
"","10127","24","56394",NA,"*** CORDERA ***","",NA,NA,"","","","","","","",NA,""
"","10128","24","56415","91114","*** CORDERA ***","",NA,NA,"","","","","","","",NA,""
"","10130","24","72326","91461","*** CORDERA ***","",NA,NA,"","","","","","","",NA,""
"","10131","24","72364","91461","*** CORDERA ***","",NA,NA,"","","","","","","",NA,""
"","10132","24","56398","91244","*** CORDERA ***","",NA,NA,"","","","","","","",NA,""
"","10133","24","7755",NA,"*** CORDERA ***","",NA,NA,"","","","","","","",NA,""
"","10134","24","14769",NA,"*** CORDERA ***","",NA,NA,"","","","","","","",NA,""
"","10136","24","55683","2115","*** CORDERA ***","",NA,NA,"","","","","","","",NA,""
"","10137","24","72365","2181","*** CORDERA ***","",NA,NA,"","","","","","","",NA,""
"","10138","24","7769",NA,"*** CORDERA ***","",NA,NA,"","","","","","","",NA,""
"","10140","24",NA,NA,"*** CORDERA ***","",NA,NA,"","","","","","","",NA,""
"","10141","24","83420",NA,"*** CORDERA ***","",NA,NA,"","","","","","","",NA,""
"","10142","24","72366","91461","*** CORDERA ***","",NA,NA,"","","","","","","",NA,""
"","10143","24","14771",NA,"*** CORDERA ***","",NA,NA,"","","","","","","",NA,""
"","10144","24","55684",NA,"*** CORDERA ***","",NA,NA,"","","","","","","",NA,""
"","10145","24","7738",NA,"*** CORDERA ***","",NA,NA,"","","","","","","",NA,""
"","10146","24","56404",NA,"*** CORDERA ***","",NA,NA,"","","","","","","",NA,""
"","10147","24","14801",NA,"*** CORDERA ***","",NA,NA,"","","","","","","",NA,""
"","10148","24","7779","2115","*** CORDERA ***","",NA,NA,"","","","","","","",NA,""
"","10149","24","80661",NA,"*** CORDERA ***","",NA,NA,"","","","","","","",NA,""
"","10150","24","99122",NA,"*** CORDERA ***","",NA,NA,"","","","","","","",NA,""
"","10151","24","56448","2115","*** CORDERA ***","",NA,NA,"","","","","","","",NA,""
"","10152","24","56384","2134","*** CORDERA ***","",NA,NA,"","","","","","","",NA,""
"","10153","24","72302",NA,"*** CORDERA ***","",NA,NA,"","","","","","","",NA,""
"","10154","24","7720",NA,"*** CORDERA ***","",NA,NA,"","","","","","","",NA,""
"","10155","24","56418","2119","*** CORDERA ***","",NA,NA,"","","","","","","",NA,""
"","10156","24","56387",NA,"*** CORDERA ***","",NA,NA,"","","","","","","",NA,""
"","10157","24","72348","91280","*** CORDERA ***","",NA,NA,"","","","","","","",NA,""
"","10158","24","14813",NA,"*** CORDERA ***","",NA,NA,"","","","","","","",NA,""
"","10159","24","72315","91461","*** CORDERA ***","",NA,NA,"","","","","","","",NA,""
"","10160","24","72359","91093","*** CORDERA ***","",NA,NA,"","","","","","","",NA,""
"","10162","24","56429","2134","*** CORDERA ***","",NA,NA,"","","","","","","",NA,""
"","10163","24","72357","91280","*** CORDERA ***","",NA,NA,"","","","","","","",NA,""
"","10164","24","83420",NA,"*** CORDERA ***","",NA,NA,"","","","","","","",NA,""
"","10165","24","80659","91235","*** CORDERA ***","",NA,NA,"","","","","","","",NA,""
"","10166","24","56458","2134","*** CORDERA ***","",NA,NA,"","","","","","","",NA,""
"","10167","24","7761","2122","*** CORDERA ***","",NA,NA,"","","","","","","",NA,""
"","10168","24","14815",NA,"*** CORDERA ***","",NA,NA,"","","","","","","",NA,""
"","10169","24","33828",NA,"*** CORDERA ***","",NA,NA,"","","","","","","",NA,""
"","10170","24","72333","91461","*** CORDERA ***","",NA,NA,"","","","","","","",NA,""
"","10171","24","7733",NA,"*** CORDERA ***","",NA,NA,"","","","","","","",NA,""
"","10172","24",NA,NA,"*** CORDERA ***","",NA,NA,"","","","","","","",NA,""
"","10174","24","14811","2181","*** CORDERA ***","",NA,NA,"","","","","","","",NA,""
"","10175","24","7778","91272","*** CORDERA ***","",NA,NA,"","","","","","","",NA,""
"","10176","24","99119",NA,"*** CORDERA ***","",NA,NA,"","","","","","","",NA,""
"","10177","24","99126",NA,"*** CORDERA ***","",NA,NA,"","","","","","","",NA,""
"","10178","24","72331","91461","*** CORDERA ***","",NA,NA,"","","","","","","",NA,""
"","10179","24","7732",NA,"*** CORDERA ***","",NA,NA,"","","","","","","",NA,""
"","10180","24","72322",NA,"*** CORDERA ***","",NA,NA,"","","","","","","",NA,""
"-6,19","14764","21",NA,NA,"3","07/01/2024","1",NA,"6","202","161","120","2","187","173","138","345"
"19,41","14767","21","8665",NA,"3","07/01/2024","2",NA,"6","202","214","200","3","173","172","153","515"
"11,16","14768","21","40601",NA,"2","20/03/2024","2",NA,"5","137","183","180","2","162","169","140","337"
"26,51","14769","21","8666","2146","2","08/02/2024","1",NA,"6","171","226","197","2","184","238","181","475"
"12,78","14771","21","80694","91105","3","25/01/2024","1",NA,"6","184","263","208","3","140","179","153","537"
"10,49","14775","21","80636","65018","2","09/01/2024","2",NA,"6","200","138","121","2","199","156","120","311"
"0,46","14776","21","80622","91063","2","",NA,NA,"","","","","136","75","72",NA,""
"10,15","14777","21","8589","2129","3","29/01/2024","2",NA,"6","180","201","214","3","153","130","133","391"
"30,48","14778","21","83424",NA,"3","28/03/2024","1",NA,"5","137","194","242","2","151","183","197","365"
"22,15","14779","21","80629","91469","3","10/02/2024","1",NA,"","","","","196","163","131",NA,""
"9,01","14784","21","40611",NA,"3","08/01/2024","1",NA,"3","110","109","138","2","108","110","137","219"
"17,68","14785","21","40677",NA,"3","09/01/2024","2","2","","","","","135","120","125",NA,""
"44,38","14787","21","55683","91080","3","10/02/2024","1",NA,"","","","","161","187","159",NA,""
"-12,7","14788","21","40641",NA,"3","25/01/2024","1",NA,"6","184","173","140","3","151","119","113","358"
"9,81","14789","21","83389",NA,"2","24/01/2024","1",NA,"3","94","130","190","2","136","156","171","312"
"11,37","14790","21","80694","91105","3","24/01/2024","1",NA,"6","185","257","203","2","182","234","169","468"
"6,55","14791","21","33887","2129","2","30/01/2024","2",NA,"6","179","140","160","2","177","158","153","316"
"30,29","14792","21","56448","2187","3","14/02/2024","2",NA,"5","164","212","165","3","130","165","166","495"
"42,62","14795","21","80687","91080","2","08/01/2024","2","1","6","201","306","272","2","197","226","200","452"
"0,04","14796","21","40620","2129","3","09/01/2024","2",NA,"6","200","164","148","2","177","162","131","323"
"7,69","14797","21","40620","2129","3","05/01/2024","2","1","","","","","197","197","127",NA,""
"","14798","21","83387","2146","2","09/01/2024","1",NA,"","","","","","","",NA,""
"12,87","14801","21","55672",NA,"3","25/01/2024","1",NA,"6","184","207","169","2","182","185","159","369"
"25,47","14802","21","83418","98595","3","08/01/2024","2",NA,"6","201","238","209","2","154","174","169","347"
"30,25","14803","21","55697","91087","1","",NA,NA,"","","","","196","222","164",NA,""
"5,44","14804","21","8627","91063","2","",NA,NA,"","","","","121","123","119",NA,""
"36,39","14806","21","8654","91087","2","23/01/2024","1",NA,"6","186","304","234","2","135","208","195","415"
"12,45","14810","21","8602","2146","2","23/01/2024","1",NA,"3","95","93","136","2","136","145","165","290"
"32,63","14811","21","55689",NA,"2","05/01/2024","3",NA,"6","204","330","239","2","200","283","212","565"
"18,47","14812","21","83388",NA,"3","07/01/2024","1",NA,"6","202","194","177","3","161","146","134","438"
"4,22","14813","21","80692","65018","2","21/01/2024","1",NA,"6","188","161","110","2","176","138","94","276"
"9,11","14815","21","56408","2187","3","27/04/2024","2",NA,"3","91","105","139","3","110","88","107","264"
"10,94","14816","21","40601",NA,"3","22/01/2024","1",NA,"6","187","206","193","2","182","206","168","411"
"-23,08","33828","14","65180","98510","10","09/02/2024","2",NA,"","","","","157","121","126",NA,""
"-1,74","55667","17","33831","98536","7","06/02/2024","1",NA,"6","172","118","148","4","154","118","129","471"
"6,08","55668","17","40679","98551","7","11/04/2024","1",NA,"4","107","60","69","7","171","167","129","1167"
"-8,73","55673","17","40675","51527","7","16/01/2024","2",NA,"6","193","192","144","5","182","157","119","785"
"1,02","55676","17","28756","98536","7","06/01/2024","1","1","","","","","188","182","165",NA,""
"-6,48","55677","17","33832","51512","6","17/01/2024","1",NA,"3","101","124","162","5","141","126","151","631"
"15,09","55680","17","30581",NA,"5","09/01/2024","1","1","","","","","171","218","215",NA,""
"39,03","55682","17","30564","84179","7","04/01/2024","2",NA,"3","114","117","150","6","161","200","216","1202"
"25,58","55683","17","65165",NA,"7","07/01/2024","1",NA,"3","111","103","142","7","153","172","181","1206"
"7,82","55684","17","40685","61011","7","02/03/2024","1",NA,"5","147","65","64","5","168","159","150","796"
"8,23","55685","17","33856","98551","7","11/01/2024","1",NA,"","","","","174","184","169",NA,""
"3,06","55690","17","30616","51508","7","31/01/2024","1",NA,"","","","","162","129","125",NA,""
"-2,08","55695","17","33809","51511","7","07/01/2024","2","2","6","202","102","53","5","181","208","163","1042"
"-12,76","55696","17","28846",NA,"6","17/02/2024","1",NA,"4","111","39","54","4","148","97","104","389"
"17,69","55697","17","30570","51517","7","05/01/2024","2","1","6","204","160","121","7","189","210","177","1470"
"-1,31","55698","17","16532","61016","7","11/01/2024","2",NA,"","","","","153","129","138",NA,""
"6,01","55699","17","40686","51519","7","19/01/2024","1",NA,"6","190","116","119","5","156","134","144","668"
"14,05","56384","19","33905","20052","5","07/01/2024","2",NA,"1","45","","","155","183","150",NA,""
"41,14","56387","19","30592",NA,"4","25/01/2024","1",NA,"6","184","247","199","4","185","244","220","977"
"8,42","56394","19","33826","71145","4","10/03/2024","1",NA,"5","139","141","110","4","170","175","151","700"
"27,82","56395","19","8654","40086","5","26/01/2024","1",NA,"6","183","185","178","4","172","220","206","879"
"11,41","56398","19","83421","71064","5","09/01/2024","1",NA,"6","200","198","155","5","152","165","132","827"
"15,76","56400","19","55672","60357","4","08/02/2024","1",NA,"","","","","173","192","179",NA,""
"10,51","56401","19","33887","64872","5","28/01/2024","2",NA,"6","181","213","222","5","140","148","157","738"
"45,66","56402","19","40621","71145","4","05/01/2024","2",NA,"6","204","180","176","4","159","174","176","694"
"9,16","56404","19","55668",NA,"5","26/01/2024","2",NA,"5","183","","","168","155","153",NA,""
"-9,55","56409","19","8598","64876","4","28/01/2024","2",NA,"6","181","122","122","4","180","126","120","505"
"12","56410","19","55666","30224","4","07/01/2024","1",NA,"6","202","203","141","4","178","196","166","782"
"-7,94","56411","19","8658","64899","3","",NA,NA,"","","","","165","139","139",NA,""
"21,5","56412","19","83416","98532","4","08/01/2024","1",NA,"6","201","173","171","4","171","174","184","697"
"54,94","56413","19","40601","30105","4","05/01/2024","2",NA,"4","144","202","262","4","157","203","218","813"
"37,89","56414","19","33885","20052","4","03/01/2024","2",NA,"6","206","242","188","4","157","227","187","906"
"2,46","56415","19","55676","98510","5","09/01/2024","1",NA,"4","140","68","96","5","145","121","116","604"
"4,29","56416","19","40638",NA,"3","",NA,NA,"","","","","174","214","155",NA,""
"19,76","56418","19","33820",NA,"5","07/01/2024","2",NA,"6","202","207","220","4","182","192","179","769"
"-3,55","56420","19","40667",NA,"5","23/01/2024","1","1","1","29","","","165","161","125",NA,""
"-2,45","56422","19","40617","71064","5","22/01/2024","1",NA,"6","187","99","102","3","176","136","109","408"
"1,96","56423","19","33896","71145","4","07/01/2024","1","1","6","202","143","104","3","183","173","125","518"
"3,12","56424","19","83385",NA,"5","21/01/2024","1",NA,"6","188","164","158","4","184","178","145","712"
"28,36","56428","19","30597","71064","4","27/01/2024","2",NA,"6","182","283","252","3","152","208","185","625"
"14,33","56429","19","30606",NA,"5","04/01/2024","2",NA,"6","205","254","211","3","188","223","184","669"
"9,13","56431","19","40689","60357","5","23/01/2024","2",NA,"6","186","201","171","4","173","188","164","753"
"-4,25","56437","19","30580","64878","4","13/01/2024","1",NA,"5","165","174","143","4","156","135","115","541"
"-4,44","56438","19","33825","71108","4","",NA,NA,"","","","","147","120","122",NA,""
"2,56","56441","19","40686","40086","4","05/01/2024","2",NA,"4","144","147","174","3","165","159","158","478"
"5,29","56442","19","8662","98510","4","08/01/2024","2","1","1","44","","","168","148","144",NA,""
"-9,21","56446","19","40650","64888","4","25/01/2024","1",NA,"6","184","153","144","4","166","139","118","555"
"25,86","56448","19","40685","71064","5","06/01/2024","1",NA,"6","203","211","205","4","188","198","174","792"
"27","56449","19","33893",NA,"5","09/01/2024","1",NA,"6","200","225","225","4","184","222","202","887"
"41,38","56450","19","30602","71064","5","07/01/2024","1","1","6","202","263","244","5","169","189","160","946"
"25,04","56454","19","40679","20052","5","07/01/2024","1",NA,"2","79","","","168","200","173",NA,""
"5,29","56456","19","8619",NA,"5","08/01/2024","2",NA,"4","141","118","124","5","157","144","141","722"
"-1,05","56457","19","30600",NA,"4","03/01/2024","2",NA,"6","206","162","117","3","194","196","161","588"
"15,4","56458","19","40617","71064","4","05/01/2024","3",NA,"6","204","213","199","4","173","194","169","774"
"-9,49","56460","19","8589","64888","5","10/02/2024","1",NA,"","","","","164","138","105",NA,""
"-12,84","56465","19","83383","64899","5","07/01/2024","2","1","4","142","70","66","4","125","103","107","412"
"5,67","56475","19","40625","71102","5","07/01/2024","1","1","","","","","178","213","150",NA,""
"16,11","72300","22",NA,NA,"2","10/01/2024","1",NA,"6","199","237","224","2","168","175","177","349"
"41,26","72301","22","80624","65018","1","11/01/2024","1",NA,"6","198","245","198","1","198","245","198","245"
"19,49","72302","22","7735","91235","1","29/01/2024","1",NA,"3","89","57","94","1","89","57","94","57"
"23,91","72303","22","55698","2123","2","05/01/2024","1",NA,"6","204","217","192","2","179","189","172","378"
"","72304","22","56436","91219","*** VACIA ***","",NA,NA,"","","","","","","",NA,""
"12,64","72306","22","40601",NA,"1","25/01/2024","1",NA,"6","184","196","158","1","184","196","158","196"
"","72307","22","83392",NA,"1","09/02/2024","1","1","","","","","","","",NA,""
"15,12","72308","22","56435",NA,"2","10/02/2024","1",NA,"6","171","181","187","1","171","181","187","181"
"11,53","72309","22","80683","2148","1","10/03/2024","1",NA,"5","139","154","121","1","139","154","121","154"
"58,08","72311","22","7725","98595","1","23/01/2024","2",NA,"6","186","301","272","1","186","301","272","301"
"5,31","72312","22","56436","91219","1","07/01/2024","1",NA,"6","202","128","73","1","202","128","73","128"
"18,1","72314","22","8625","64878","2","12/03/2024","1",NA,"5","137","153","163","2","137","125","127","250"
"3,48","72315","22","80628","91218","1","04/01/2024","1",NA,"4","145","95","110","1","145","95","110","95"
"27,07","72316","22","8618","65018","1","07/01/2024","1",NA,"6","202","239","165","1","202","239","165","239"
"","72317","22","83412",NA,"1","09/02/2024","1",NA,"","","","","","","",NA,""
"","72318","22","56395","2122","1","24/01/2024","1",NA,"","","","","","","",NA,""
"2,55","72319","22",NA,NA,"1","23/04/2024","1",NA,"4","105","104","141","1","105","104","141","104"
"-5,06","72321","22",NA,NA,"1","24/01/2024","1",NA,"6","185","165","132","1","185","165","132","165"
"3,97","72322","22","56446",NA,"1","09/02/2024","1",NA,"5","169","137","113","1","169","137","113","137"
"","72323","22","40662",NA,"1","05/01/2024","1",NA,"2","81","","","","","",NA,""
"","72324","22","56457","2181","1","10/02/2024","1",NA,"","","","","","","",NA,""
"16,32","72325","22","80631","2157","2","15/03/2024","1",NA,"5","137","162","158","2","138","132","131","264"
"35,26","72326","22","55697","2122","1","06/01/2024","1",NA,"6","203","261","210","1","203","261","210","261"
"","72329","22","30564",NA,"1","07/01/2024","2","1","","","","","","","",NA,""
"","72330","22","8578",NA,"1","10/02/2024","1",NA,"","","","","","","",NA,""
"18,22","72331","22","83388","64878","1","05/01/2024","2","1","6","204","169","139","1","204","169","139","169"
"-5,19","72332","22",NA,NA,"2","15/03/2024","1",NA,"5","137","143","139","2","123","107","116","214"
"22,08","72333","22","56461","2122","1","09/01/2024","1",NA,"6","200","136","122","1","200","136","122","136"
"14,43","72334","22","56384","65023","2","08/01/2024","3","3","","","","","140","97","92",NA,""
"4,56","72337","22","8627",NA,"1","08/01/2024","1",NA,"6","201","160","122","1","201","160","122","160"
"28,22","72338","22","80690","2148","2","02/02/2024","1",NA,"6","176","183","208","1","176","183","208","183"
"31,15","72339","22","56449","65018","1","09/01/2024","2",NA,"6","200","231","161","1","200","231","161","231"
"17,39","72340","22",NA,NA,"1","08/01/2024","3","1","6","201","265","216","1","201","265","216","265"
"17,7","72342","22","83384","2123","1","07/01/2024","2",NA,"6","202","222","145","1","202","222","145","222"
"14,25","72343","22","80654","65024","1","26/01/2024","1",NA,"6","183","225","155","1","183","225","155","225"
"16,34","72344","22","83421","2157","2","28/03/2024","1",NA,"5","137","159","156","2","123","129","135","258"
"11,5","72345","22","80691",NA,"1","25/01/2024","1",NA,"6","184","219","177","1","184","219","177","219"
"28,46","72346","22","56387","65018","1","08/01/2024","1",NA,"6","201","156","93","1","201","156","93","156"
"21,88","72347","22","56451",NA,"1","06/01/2024","2",NA,"6","203","191","159","1","203","191","159","191"
"12,6","72348","22","56384","65023","2","07/01/2024","1",NA,"5","202","154","134","1","202","154","134","154"
"17,88","72349","22","55690","51527","1","19/04/2024","1",NA,"4","105","104","144","1","105","104","144","104"
"32,9","72350","22","7750","91233","1","01/02/2024","1",NA,"6","177","239","217","1","177","239","217","239"
"11,2","72351","22","56409","2157","1","08/01/2024","1",NA,"6","201","174","135","1","201","174","135","174"
"-3,29","72352","22","8619",NA,"1","06/02/2024","1",NA,"5","172","125","97","1","172","125","97","125"
"33,2","72353","22","7733","91235","1","08/02/2024","1",NA,"6","171","193","193","1","171","193","193","193"
"23,88","72354","22","7734",NA,"1","28/04/2024","1",NA,"4","105","74","95","1","105","74","95","74"
"50,87","72355","22","56470","65024","2","09/01/2024","2",NA,"4","140","197","215","2","152","188","186","375"
"31,5","72356","22","56418","2157","2","06/01/2024","2","1","6","203","224","194","2","184","178","166","355"
"6,01","72357","22","56472","91219","1","10/01/2024","1",NA,"6","199","126","102","1","199","126","102","126"
"","72358","22","14780",NA,"1","11/01/2024","1",NA,"1","41","","","","","",NA,""
"35,97","72359","22","7768","91219","1","07/01/2024","2",NA,"6","202","219","221","1","202","219","221","219"
"","72360","22","55682","2122","1","04/01/2024","1","1","","","","","","","",NA,""
"","72361","22","83426","2181","1","",NA,NA,"","","","","","","",NA,""
"","72362","22","8618","65018","*** VACIA ***","",NA,NA,"","","","","","","",NA,""
"21,52","72364","22","55685","2123","1","05/01/2024","2","1","6","204","210","157","1","204","210","157","210"
"34,85","72365","22","55683","65018","2","07/01/2024","1",NA,"6","202","231","185","2","155","177","170","354"
"52,99","72366","22","7725","98595","1","07/01/2024","1",NA,"6","202","254","224","1","202","254","224","254"
"12,9","72367","22","83400",NA,"1","27/01/2024","1",NA,"6","182","179","171","1","182","179","171","179"
"","72368","22","56404","2181","1","10/02/2024","1",NA,"","","","","","","",NA,""
"15,93","72370","22","83395","65023","1","26/01/2024","1",NA,"6","183","167","151","1","183","167","151","167"
"","72372","22","7749","91233","*** VACIA ***","",NA,NA,"","","","","","","",NA,""
"35,13","72374","22","80624","65018","1","07/01/2024","2",NA,"5","171","210","159","1","171","210","159","210"
"22,22","72376","22","40611",NA,"1","08/01/2024","2",NA,"6","201","253","204","1","201","253","204","253"
"","72377","22","56431","2148","1","05/01/2024","1","1","","","","","","","",NA,""
"29,69","72378","22","80670","2157","1","25/01/2024","1",NA,"6","184","222","211","1","184","222","211","222"
"21,36","72379","22","7777","65018","1","29/01/2024","1",NA,"6","180","139","115","1","180","139","115","139"
"","72381","22","80663",NA,"1","08/01/2024","1",NA,"1","44","","","","","",NA,""
"","72382","22","56455",NA,"1","25/01/2024","1",NA,"","","","","","","",NA,""
"7,86","80609","18","40633","65019","5","07/01/2024","1",NA,"","","","","185","212","184",NA,""
"6,59","80610","18","40679","98534","6","28/01/2024","1",NA,"6","181","125","120","5","169","152","145","760"
"-4,94","80618","18","40654","98551","6","26/01/2024","2",NA,"5","183","","","179","127","109",NA,""
"-10,9","80623","18","40628","65004","6","17/01/2024","2",NA,"5","192","129","131","5","164","144","139","720"
"35,67","80624","18","33905","98595","6","09/01/2024","1",NA,"6","200","230","229","4","187","243","225","971"
"17,1","80629","18","8587","65024","5","10/02/2024","1",NA,"","","","","181","172","167",NA,""
"-2,57","80631","18","8591","65008","5","21/01/2024","2","1","6","188","281","252","4","176","185","155","741"
"47,02","80634","18","65222","98595","5","25/01/2024","2",NA,"","","","","155","197","190",NA,""
"-0,52","80639","18","16522","65004","5","06/01/2024","2",NA,"6","203","201","165","4","183","198","183","791"
"-2,89","80642","18","40313","65018","6","13/01/2024","2",NA,"2","73","","","174","149","149",NA,""
"10,01","80646","18","33888",NA,"6","05/01/2024","2",NA,"6","204","200","131","4","185","212","172","846"
"10,07","80650","18","40603","30222","6","05/01/2024","1",NA,"6","204","156","100","4","184","186","155","742"
"25,01","80659","18","33821","98595","5","07/01/2024","2",NA,"3","111","147","192","3","145","154","170","462"
"21,12","80661","18","30606","30222","5","09/02/2024","1",NA,"5","169","161","141","4","167","192","168","768"
"8,16","80663","18","8653","98534","5","06/01/2024","3",NA,"6","203","223","198","5","187","201","166","1004"
"6,53","80669","18","40670","65018","6","26/01/2024","2",NA,"6","183","190","154","4","178","193","165","772"
"-5,62","80683","18","33893",NA,"5","10/02/2024","1",NA,"","","","","138","120","112",NA,""
"-12,18","80686","18","8605","65016","6","08/01/2024","2",NA,"6","201","155","108","4","156","151","149","605"
"13,22","80690","18","40680","65007","6","07/01/2024","1",NA,"","","","","178","231","213",NA,""
"-5,24","80692","18","83420",NA,"6","23/01/2024","2",NA,"6","186","186","180","5","180","154","145","772"
"5,19","80693","18","33831",NA,"5","09/01/2024","2",NA,"5","200","233","202","5","180","193","167","963"
"9,66","80697","18","40654","98551","6","10/01/2024","1",NA,"4","139","55","68","6","167","153","164","919"
"-14,54","80698","18","30597","65004","5","23/01/2024","1",NA,"4","126","89","107","4","164","134","123","534"
"5,54","83384","17","30627","98551","7","25/01/2024","1",NA,"5","153","181","132","5","178","221","170","1103"
"1,98","83387","17","16544","51517","6","",NA,NA,"","","","","170","154","146",NA,""
"11,73","83388","17","65222","95108","6","19/01/2024","1",NA,"5","190","159","140","5","183","175","155","877"
"14,48","83390","17","33872","51517","7","29/01/2024","1",NA,"","","","","162","178","169",NA,""
"-11,69","83392","17","28772","30223","6","28/01/2024","1",NA,"2","58","","","173","169","152",NA,""
"13,46","83395","17","30597","61011","7","09/01/2024","2",NA,"6","200","266","232","7","171","207","185","1446"
"-5,16","83400","17","33817","51517","7","16/01/2024","2",NA,"3","133","83","120","6","148","122","130","730"
"-6,11","83403","17","28850",NA,"6","07/02/2024","2",NA,"6","171","169","181","5","181","158","134","792"
"36,3","83405","17","40614",NA,"6","09/01/2024","2",NA,"5","169","183","224","6","178","223","211","1337"
"-14,54","83413","17","30561","61011","5","",NA,NA,"","","","","165","150","142",NA,""
"3,02","83416","17","16528","84179","6","",NA,NA,"","","","","178","159","139",NA,""
"5,04","83419","17","28779","98536","7","02/02/2024","1",NA,"6","176","216","194","7","175","204","173","1429"
"11,96","83420","17","30602","98536","7","29/01/2024","2",NA,"6","180","219","219","5","175","204","184","1020"
"10,41","83424","17","33893","98551","7","29/01/2024","1",NA,"6","180","198","158","7","167","189","172","1320"
"-3,2","83426","17","30567","61011","6","31/01/2024","1",NA,"5","147","182","165","3","167","194","164","582"
"2,66","83429","17","30540","51508","7","17/01/2024","1",NA,"4","132","70","91","5","158","153","146","764"
"19,86","83433","17","40641","51508","7","10/02/2024","1",NA,"","","","","169","226","201",NA,""
"","99040","23","7755","91112","*** VACIA ***","",NA,NA,"","","","","","","",NA,""
"","99041","23","72365",NA,"*** VACIA ***","",NA,NA,"","","","","","","",NA,""
"","99042","23","80698","2119","*** VACIA ***","",NA,NA,"","","","","","","",NA,""
"11,43","99043","23","56422",NA,"1","22/02/2024","1",NA,"5","156","158","144","1","156","158","144","158"
"26,08","99044","23","56429","91115","1","03/05/2024","1",NA,"3","85","96","123","1","85","96","123","96"
"","99045","23","83400",NA,"*** VACIA ***","",NA,NA,"","","","","","","",NA,""
"","99046","23","56395",NA,"*** VACIA ***","",NA,NA,"","","","","","","",NA,""
"","99047","23","83387",NA,"*** VACIA ***","",NA,NA,"","","","","","","",NA,""
"19,43","99048","23","56384","51527","1","19/04/2024","1",NA,"4","105","90","112","1","105","90","112","90"
"3,89","99049","23","56465","91213","1","20/03/2024","1",NA,"5","137","74","66","1","137","74","66","74"
"","99050","23","80692",NA,"*** VACIA ***","",NA,NA,"","","","","","","",NA,""
"","99051","23","14796",NA,"*** VACIA ***","",NA,NA,"","","","","","","",NA,""
"","99052","23","7778","91206","*** VACIA ***","",NA,NA,"","","","","","","",NA,""
"21,48","99053","23","56429","91115","1","22/04/2024","2",NA,"3","96","72","94","1","96","72","94","72"
"8,96","99054","23","14789",NA,"1","05/05/2024","1",NA,"3","83","67","92","1","83","67","92","67"
"","99055","23","55668","91123","*** VACIA ***","",NA,NA,"","","","","","","",NA,""
"31,76","99057","23","7732","91461","1","27/04/2024","1",NA,"4","105","112","145","1","105","112","145","112"
"","99058","23","80697","98595","*** VACIA ***","",NA,NA,"","","","","","","",NA,""
"","99059","23","80609","91120","*** VACIA ***","",NA,NA,"","","","","","","",NA,""
"","99060","23","83433","2128","*** VACIA ***","",NA,NA,"","","","","","","",NA,""
"","99061","23","14771",NA,"*** VACIA ***","",NA,NA,"","","","","","","",NA,""
"14,96","99062","23","80618","91123","1","27/04/2024","1",NA,"4","105","104","139","1","105","104","139","104"
"","99063","23","7732","91461","*** VACIA ***","",NA,NA,"","","","","","","",NA,""
"","99064","23","14792",NA,"*** VACIA ***","",NA,NA,"","","","","","","",NA,""
"16,23","99065","23","7744","91206","1","13/03/2024","1",NA,"5","137","112","103","1","137","112","103","112"
"","99066","23","55677",NA,"*** VACIA ***","",NA,NA,"","","","","","","",NA,""
"","99067","23","14791",NA,"*** VACIA ***","",NA,NA,"","","","","","","",NA,""
"","99068","23","56465","91213","*** VACIA ***","",NA,NA,"","","","","","","",NA,""
"40,09","99070","23","7770","98595","1","12/02/2024","1",NA,"6","171","222","180","1","171","222","180","222"
"","99071","23","55690",NA,"*** VACIA ***","",NA,NA,"","","","","","","",NA,""
"","99072","23","7741","91213","*** VACIA ***","",NA,NA,"","","","","","","",NA,""
"12,31","99073","23","55685",NA,"1","10/05/2024","1",NA,"3","78","69","111","1","78","69","111","69"
"16,12","99074","23","80610","2119","1","16/02/2024","1",NA,"5","162","143","118","1","162","143","118","143"
"","99075","23","72303",NA,"*** VACIA ***","",NA,NA,"","","","","","","",NA,""
"29,64","99076","23","83384","91115","1","16/04/2024","1",NA,"4","105","135","173","1","105","135","173","135"
"","99077","23","7779",NA,"*** VACIA ***","",NA,NA,"","","","","","","",NA,""
"","99078","23","56446",NA,"*** VACIA ***","",NA,NA,"","","","","","","",NA,""
"","99079","23","80683","91213","*** VACIA ***","",NA,NA,"","","","","","","",NA,""
"","99080","23","72300",NA,"*** VACIA ***","",NA,NA,"","","","","","","",NA,""
"","99082","23","8628","51527","*** VACIA ***","",NA,NA,"","","","","","","",NA,""
"","99083","23","83416","91112","*** VACIA ***","",NA,NA,"","","","","","","",NA,""
"","99084","23","56401",NA,"*** VACIA ***","",NA,NA,"","","","","","","",NA,""
"","99085","23","7757","2128","1","29/02/2024","1",NA,"3","149","","","","","",NA,""
"","99086","23","7741","91213","*** VACIA ***","",NA,NA,"","","","","","","",NA,""
"","99087","23","14816",NA,"*** VACIA ***","",NA,NA,"","","","","","","",NA,""
"20,46","99088","23","80646","91100","1","02/04/2024","1",NA,"5","137","111","138","1","137","111","138","111"
"31,88","99089","23","7771",NA,"1","07/03/2024","1","1","3","82","109","146","1","82","109","146","109"
"24,22","99090","23","7739","51527","1","28/04/2024","1",NA,"4","105","107","139","1","105","107","139","107"
"","99091","23","7754",NA,"*** VACIA ***","",NA,NA,"","","","","","","",NA,""
"","99092","23","56411",NA,"*** VACIA ***","",NA,NA,"","","","","","","",NA,""
"","99093","23","56415",NA,"1","27/03/2024","1",NA,"3","122","","","","","",NA,""
"42,99","99094","23","14811","91213","1","30/04/2024","1",NA,"3","88","133","193","1","88","133","193","133"
"","99095","23","7781",NA,"*** VACIA ***","",NA,NA,"","","","","","","",NA,""
"","99096","23","80610","2119","*** VACIA ***","",NA,NA,"","","","","","","",NA,""
"30,3","99097","23","55683","2115","1","04/05/2024","1",NA,"3","84","55","77","1","84","55","77","55"
"8,17","99098","23","80639","91123","1","24/02/2024","1",NA,"5","154","139","103","1","154","139","103","139"
"","99099","23","80624","64878","*** VACIA ***","",NA,NA,"","","","","","","",NA,""
"13,46","99100","23","56424","91123","1","08/04/2024","1",NA,"4","110","88","111","1","110","88","111","88"
"","99101","23","80686",NA,"*** VACIA ***","",NA,NA,"","","","","","","",NA,""
"","99102","23","56428",NA,"*** VACIA ***","",NA,NA,"","","","","","","",NA,""
"","99103","23","56413","64878","1","19/01/2024","1","1","","","","","","","",NA,""
"37,9","99104","23","7775","2128","1","29/04/2024","1",NA,"3","89","123","164","1","89","123","164","123"
"","99105","23","7753",NA,"*** VACIA ***","",NA,NA,"","","","","","","",NA,""
"","99106","23","7775","2128","*** VACIA ***","",NA,NA,"","","","","","","",NA,""
"32,86","99107","23","14797","91235","1","16/04/2024","1",NA,"4","105","124","156","1","105","124","156","124"
"","99108","23","7727","2115","*** VACIA ***","",NA,NA,"","","","","","","",NA,""
"","99109","23","55667","91206","*** VACIA ***","",NA,NA,"","","","","","","",NA,""
"","99110","23","14796",NA,"*** VACIA ***","",NA,NA,"","","","","","","",NA,""
"","99111","23","14813",NA,"*** VACIA ***","",NA,NA,"","","","","","","",NA,""
"18,52","99112","23","55695","91115","1","06/05/2024","1",NA,"3","82","89","120","1","82","89","120","89"
"","99113","23","56450","2115","*** VACIA ***","",NA,NA,"","","","","","","",NA,""
"18,17","99114","23","83420","91100","1","26/03/2024","1",NA,"5","137","121","127","1","137","121","127","121"
"-4,33","99115","23","14788",NA,"1","07/05/2024","1",NA,"3","81","53","71","1","81","53","71","53"
"","99116","23","7717","2128","*** VACIA ***","",NA,NA,"","","","","","","",NA,""
"","99117","23","7737","2115","*** VACIA ***","",NA,NA,"","","","","","","",NA,""
"","99118","23","56386",NA,"*** VACIA ***","",NA,NA,"","","","","","","",NA,""
"43,68","99119","23","55682","98595","1","04/04/2024","1",NA,"5","137","156","163","1","137","156","163","156"
"11,84","99120","23","14816",NA,"1","16/04/2024","1",NA,"4","105","86","104","1","105","86","104","86"
"35,59","99121","23","7749","64878","1","28/04/2024","1",NA,"4","105","105","146","1","105","105","146","105"
"42,6","99122","23","56414","2115","1","30/03/2024","1",NA,"5","137","136","124","1","137","136","124","136"
"45,37","99123","23","56414","2115","1","23/04/2024","1",NA,"4","105","108","144","1","105","108","144","108"
"31,44","99124","23","7761","98595","1","30/03/2024","1",NA,"5","137","135","143","1","137","135","143","135"
"","99125","23","72325",NA,"*** VACIA ***","",NA,NA,"","","","","","","",NA,""
"13,08","99126","23","80639","91123","1","20/03/2024","1",NA,"5","137","122","123","1","137","122","123","122"
"","99127","23","7733","91461","*** VACIA ***","",NA,NA,"","","","","","","",NA,""
"26,06","99128","23","14777","91461","1","01/03/2024","1",NA,"5","148","196","180","1","148","196","180","196"
"","99129","23","55696",NA,"*** VACIA ***","",NA,NA,"","","","","","","",NA,""
"","99130","23","55676","91115","*** VACIA ***","",NA,NA,"","","","","","","",NA,""
"","99131","23","83395","91100","*** VACIA ***","",NA,NA,"","","","","","","",NA,""
"","99132","23","56416","91206","*** VACIA ***","",NA,NA,"","","","","","","",NA,""
"65,33","7784","20","80616","51529","*** MACHO ***","",NA,NA,"","","","","","","",NA,""
"8,88","7785","20","55666","65023","*** MACHO ***","",NA,NA,"","","","","","","",NA,""
"34,61","10081","24","72356","2128","*** MACHO ***","",NA,NA,"","","","","","","",NA,""
"40,32","10095","24","7775","91235","*** MACHO ***","",NA,NA,"","","","","","","",NA,""
"35,51","10108","24","7748","2128","*** MACHO ***","",NA,NA,"","","","","","","",NA,""
"39,03","10120","24","7740","91235","*** MACHO ***","",NA,NA,"","","","","","","",NA,""
"44,46","10129","24","56414","91235","*** MACHO ***","",NA,NA,"","","","","","","",NA,""
"43,36","10135","24","80624","91235","*** MACHO ***","",NA,NA,"","","","","","","",NA,""
"44,68","10139","24","7770","2115","*** MACHO ***","",NA,NA,"","","","","","","",NA,""
"48,56","10161","24","14795","2115","*** MACHO ***","",NA,NA,"","","","","","","",NA,""
"27,5","10173","24","14806",NA,"*** MACHO ***","",NA,NA,"","","","","","","",NA,""
"22,49","14760","21","83433","91469","*** MACHO ***","",NA,NA,"","","","","","","",NA,""
"16,25","14761","21","80670","91063","*** MACHO ***","",NA,NA,"","","","","","","",NA,""
"4,17","14762","21","80669","91077","*** MACHO ***","",NA,NA,"","","","","","","",NA,""
"22,41","56479","19","40679","20052","*** MACHO ***","",NA,NA,"","","","","","","",NA,""
"18,22","72320","22","80697","64878","*** MACHO ***","",NA,NA,"","","","","","","",NA,""
"23,76","72335","22","7761","64878","*** MACHO ***","",NA,NA,"","","","","","","",NA,""
"25,28","80617","18","40618","98595","*** MACHO ***","",NA,NA,"","","","","","","",NA,""
"1,62","80641","18","40617","98527","*** MACHO ***","",NA,NA,"","","","","","","",NA,""
"25,86","91361","23","83388","2128","*** MACHO ***","",NA,NA,"","","","","","","",NA,""
"25,78","91362","23","80624","64878","*** MACHO ***","",NA,NA,"","","","","","","",NA,""
"24,81","91363","23","7777","2128","*** MACHO ***","",NA,NA,"","","","","","","",NA,""
"106,48","91427","24",NA,NA,"*** MACHO ***","",NA,NA,"","","","","","","",NA,""
"30,71","99056","23","7750","64878","*** MACHO ***","",NA,NA,"","","","","","","",NA,""
"47,82","99069","23","56387","2115","*** MACHO ***","",NA,NA,"","","","","","","",NA,""
"40,76","99081","23","7740","2115","*** MACHO ***","",NA,NA,"","","","","","","",NA,""
"","MACHOS","",NA,NA,"","",NA,NA,"","","","","","","",NA,""
"","26","",NA,NA,"","01/02/2024","1","0","","","","","","","",NA,""
"","MACHOS","",NA,NA,"","",NA,NA,"","","","","","","",NA,""
"","26","",NA,NA,"","01/02/2024","1","0","","","","","","","",NA,""
"","NAVARRA - NAFARROA","",NA,NA,"","",NA,NA,"","","","","","","",NA,""
"","MACHOS","",NA,NA,"","",NA,NA,"","","","","","","",NA,""
"","26","",NA,NA,"","01/02/2024","1","0","","","","","","","",NA,""
